n,handedness,mean,sd
279,right,29.65870967741935,8.790814948898047
277,left,29.059891696750903,9.70389883111215
