n,handedness,mean,sd
278,strong,30.03435251798561,8.767713176455793
278,mixed,28.68640287769784,9.683929652377378
