profession,es_type,N,N_stu,lower,effect,upper,p,I2,model_type,label,metagen_obj
Music,OR,15,12,1.1357873657356556,1.3236592136802117,1.5426071523745897,3.3035791551456144e-4,".02 [.00, .55]",random (all),glmer,
Art,OR,9,9,1.01948335490701,1.3087980398565962,1.6802160632516765,0.03474182390375675,".36 [.00, .71]",random (all),glmer,
Architecture,OR,10,9,0.9335168373411462,1.1514382049612213,1.4202314160936909,0.1877415192335856,".31 [.00, .67]",random (all),glmer,
Music,OR,15,12,1.128527396370951,1.3168315672479405,1.5365558532977606,4.728280721956909e-4,".02 [.00, .55]",random,glmer,
Art,OR,9,9,1.0196029749175142,1.3088004400622093,1.6800251019722758,0.03465680011468727,".36 [.00, .71]",random,glmer,
Architecture,OR,10,9,0.9342098585038222,1.151151898971653,1.4184721799321718,0.18643274892713374,".31 [.00, .67]",random,glmer,
