profession,es_type,N,N_stu,lower,effect,upper,p,I2,model_type,label,metagen_obj
Music,OR,14,11,1.126702707478064,1.3147196547956137,1.5341116687070266,5.108266785630029e-4,".00 [.00, .55]",random (all),glmer,
Art,OR,8,8,1.0252660821828325,1.3274979347349438,1.7188228474052696,0.031613208132679864,".44 [.00, .75]",random (all),glmer,
Architecture,OR,9,8,0.9233579899771334,1.2181763172925273,1.6071269822976608,0.16272922297471154,".30 [.00, .67]",random (all),glmer,
Music,OR,14,11,1.120730473217511,1.3081868841679096,1.526997761554401,6.631039713207432e-4,".00 [.00, .55]",random,glmer,
Art,OR,8,8,1.0248881060942714,1.3274828670095535,1.7194177117729303,0.031856041090188664,".44 [.00, .75]",random,glmer,
Architecture,OR,9,8,0.92454193304517,1.2171007227444874,1.6022357844019834,0.1613201961572607,".30 [.00, .67]",random,glmer,
