profession,es_type,N,N_stu,lower,effect,upper,p,I2,model_type,label,metagen_obj
Music,OR,26,12,1.2508072360815272,1.3805264425818835,1.523698619331914,1.503567418082052e-10,".03 [.00, .45]",random (all),glmer,
Art,OR,17,9,1.3788997489750339,1.6092554941524562,1.878093927702031,1.5785896316130332e-9,".59 [.30, .76]",random (all),glmer,
Architecture,OR,17,9,0.9136521599124261,1.0440667488642696,1.1930966990637772,0.5264403092413353,".20 [.00, .55]",random (all),glmer,
Music,OR,26,12,1.2506969312263887,1.3799593026325134,1.5225812340122533,1.3822132556248566e-10,".03 [.00, .45]",random,glmer,
Art,OR,17,9,1.3795841395931965,1.6113608635410028,1.8820771840108586,1.7324114876169855e-9,".59 [.30, .76]",random,glmer,
Architecture,OR,17,9,0.9138168139391994,1.0441559439067578,1.1930855490566106,0.5253271682280591,".20 [.00, .55]",random,glmer,
