profession,es_type,N,N_stu,lower,effect,upper,p,I2,model_type,label,metagen_obj
Music,OR,26,12,1.2508072360815272,1.3805264425818835,1.523698619331914,1.503567418082052e-10,".03 [.00, .45]",random (all),glmer,
Art,OR,17,9,1.3788997489750339,1.6092554941524562,1.878093927702031,1.5785896316130332e-9,".59 [.30, .76]",random (all),glmer,
Architecture,OR,17,9,0.9136521599124261,1.0440667488642696,1.1930966990637772,0.5264403092413353,".20 [.00, .55]",random (all),glmer,
