profession,es_type,N,N_stu,lower,effect,upper,p,I2,model_type,label,metagen_obj
Art,OR,8,8,1.4977651180160496,1.8358378643058026,2.2502197597465847,4.908814871773019e-9,".71 [.40, .86]",random (all),glmer,
Architecture,OR,7,7,0.8129486714594739,0.9661887436971602,1.1483144277376844,0.6962561308562313,".00 [.00, .71]",random (all),glmer,
Music,OR,11,8,1.2462114626104153,1.4172758222850208,1.6118217627577887,1.07338740240142e-7,".10 [.00, .50]",random (all),glmer,
