profession,es_type,N,N_stu,lower,effect,upper,p,I2,model_type,label,metagen_obj
Music,OR,24,11,1.2402983950394024,1.3700466704339125,1.5133679819906714,5.56431573347414e-10,".00 [.00, .45]",random (all),glmer,NA
Art,OR,15,8,1.4214331608267667,1.6783871418095018,1.9817909666276463,1.0095391226967527e-9,".63 [.35, .79]",random (all),glmer,NA
Architecture,OR,15,8,0.9430431636381054,1.2071172569869617,1.5451382590955334,0.1350721161506306,".10 [.00, .47]",random (all),glmer,NA
Music,OR,24,11,1.240070089201213,1.3699264314351778,1.5133809321645602,5.84422077339688e-10,".00 [.00, .45]",random,glmer,NA
Art,OR,15,8,1.4213507599775426,1.6783922113736147,1.981917830925929,1.0235800512990755e-9,".63 [.35, .79]",random,glmer,NA
Architecture,OR,15,8,0.943109250808225,1.2074754599287842,1.545947073555641,0.1348155798004357,".10 [.00, .47]",random,glmer,NA
