profession,es_type,N,N_stu,lower,effect,upper,p,I2,model_type,label,metagen_obj
Art,OR,7,7,1.5897766880295083,1.9831909203702844,2.4739614414110296,1.284807517266113e-9,".72 [.41, .87]",random (all),glmer,NA
Architecture,OR,6,6,0.5863111518553621,1.0001703926701142,1.7061603061929584,0.9995011157889536,".00 [.00, .75]",random (all),glmer,NA
Music,OR,10,7,1.2344148879960908,1.4061093328356575,1.6016847132305485,2.905636665308853e-7,".11 [.00, .51]",random (all),glmer,NA
Art,OR,7,7,1.5925835162680886,1.9878461432362944,2.481208833831873,1.246706368712695e-9,".72 [.41, .87]",random,glmer,NA
Architecture,OR,6,6,0.5853604292900771,1.000178164625204,1.7089579529765444,0.9994799504954356,".00 [.00, .75]",random,glmer,NA
Music,OR,10,7,1.233482228753805,1.4057747136632173,1.602132969172544,3.29774827644099e-7,".11 [.00, .51]",random,glmer,NA
